name1,name2,similarity
user1,user2,0.0
user1,user3,2.8284271247461903
user2,user3,2.8284271247461903
